Джерело,Сесія ID,№,Напрям,Тип,Конфігурація,Час сесії,Розмір, байт,RSSI, дБм,SNR, дБ,Статус,Прийнято,Подія,Час передачі, мс,Пачка: відправлено,Пачка: прийнято
База,0063,0,,EVT,,T+00:00:00,,-4,12.3,SYNC,,SYNC_OK,,,
База,0063,1,TX,BENCH,SF6/125,T+00:00:04,64,,,MEAS,1,,69.48,,
База,0063,2,TX,BENCH,SF6/125,T+00:00:04,64,,,MEAS,1,,69.5,,
База,0063,3,TX,BENCH,SF6/125,T+00:00:04,64,,,MEAS,1,,69.56,,
База,0063,4,TX,BENCH,SF6/125,T+00:00:04,64,,,MEAS,1,,69.52,,
База,0063,5,TX,BENCH,SF6/125,T+00:00:04,64,,,MEAS,1,,69.53,,
База,0063,6,TX,BENCH,SF6/125,T+00:00:04,64,,,MEAS,1,,69.52,,
База,0063,7,TX,BENCH,SF6/125,T+00:00:04,64,,,MEAS,1,,69.53,,
База,0063,8,TX,BENCH,SF6/500,T+00:00:04,64,,,MEAS,1,,19.44,,
База,0063,9,TX,BENCH,SF6/500,T+00:00:04,64,,,MEAS,1,,19.51,,
База,0063,10,TX,BENCH,SF6/500,T+00:00:04,64,,,MEAS,1,,19.45,,
База,0063,11,TX,BENCH,SF6/500,T+00:00:05,64,,,MEAS,1,,19.49,,
База,0063,12,TX,BENCH,SF6/500,T+00:00:05,64,,,MEAS,1,,19.51,,
База,0063,13,TX,BENCH,SF6/500,T+00:00:05,64,,,MEAS,1,,19.48,,
База,0063,14,TX,BENCH,SF6/500,T+00:00:05,64,,,MEAS,1,,19.53,,
База,0063,15,TX,BENCH,SF12/125,T+00:00:05,64,,,MEAS,1,,2796.27,,
База,0063,16,TX,BENCH,SF12/125,T+00:00:08,64,,,MEAS,1,,2796.29,,
База,0063,17,TX,BENCH,SF12/125,T+00:00:10,64,,,MEAS,1,,2796.27,,
База,0063,18,TX,BENCH,SF12/125,T+00:00:13,64,,,MEAS,1,,2796.28,,
База,0063,19,TX,BENCH,SF12/125,T+00:00:16,64,,,MEAS,1,,2796.29,,
База,0063,20,TX,BENCH,SF12/125,T+00:00:19,64,,,MEAS,1,,2796.26,,
База,0063,21,TX,BENCH,SF12/125,T+00:00:22,64,,,MEAS,1,,2796.26,,
База,0063,22,TX,BENCH,SF12/500,T+00:00:27,64,,,MEAS,1,,619.21,,
База,0063,23,TX,BENCH,SF12/500,T+00:00:28,64,,,MEAS,1,,619.27,,
База,0063,24,TX,BENCH,SF12/500,T+00:00:29,64,,,MEAS,1,,619.27,,
База,0063,25,TX,BENCH,SF12/500,T+00:00:29,64,,,MEAS,1,,619.27,,
База,0063,26,TX,BENCH,SF12/500,T+00:00:30,64,,,MEAS,1,,619.24,,
База,0063,27,TX,BENCH,SF12/500,T+00:00:31,64,,,MEAS,1,,619.29,,
База,0063,28,TX,BENCH,SF12/500,T+00:00:31,64,,,MEAS,1,,619.26,,
База,0063,29,TX,BENCH,FSK15200,T+00:00:33,64,,,MEAS,1,,39.44,,
База,0063,30,TX,BENCH,FSK15200,T+00:00:33,64,,,MEAS,1,,39.49,,
База,0063,31,TX,BENCH,FSK15200,T+00:00:33,64,,,MEAS,1,,39.47,,
База,0063,32,TX,BENCH,FSK15200,T+00:00:33,64,,,MEAS,1,,39.51,,
База,0063,33,TX,BENCH,FSK15200,T+00:00:33,64,,,MEAS,1,,39.44,,
База,0063,34,TX,BENCH,FSK15200,T+00:00:33,64,,,MEAS,1,,39.46,,
База,0063,35,TX,BENCH,FSK15200,T+00:00:33,64,,,MEAS,1,,39.51,,
База,0063,36,TX,BENCH,FSK100000,T+00:00:34,64,,,MEAS,1,,8.1,,
База,0063,37,TX,BENCH,FSK100000,T+00:00:34,64,,,MEAS,1,,8.12,,
База,0063,38,TX,BENCH,FSK100000,T+00:00:34,64,,,MEAS,1,,8.08,,
База,0063,39,TX,BENCH,FSK100000,T+00:00:34,64,,,MEAS,1,,8.09,,
База,0063,40,TX,BENCH,FSK100000,T+00:00:34,64,,,MEAS,1,,8.09,,
База,0063,41,TX,BENCH,FSK100000,T+00:00:34,64,,,MEAS,1,,8.12,,
База,0063,42,TX,BENCH,FSK100000,T+00:00:34,64,,,MEAS,1,,8.09,,
База,0063,43,,EVT,,T+00:01:46,,-5,11,MEAS,,MANUAL_STOP,,,
База,0063,44,TX,BENCH,FSK100000,T+00:00:34,64,,,MEAS,1,,74721.65,,
База,0064,45,,EVT,,T+00:00:00,,-5,11.8,SYNC,,SYNC_OK,,,
База,0064,46,TX,BENCH,SF6/125,T+00:00:03,64,,,MEAS,1,,69.46,,
База,0064,47,TX,BENCH,SF6/125,T+00:00:03,64,,,MEAS,1,,69.5,,
База,0064,48,TX,BENCH,SF6/125,T+00:00:03,64,,,MEAS,1,,69.51,,
База,0064,49,TX,BENCH,SF6/125,T+00:00:03,64,,,MEAS,1,,69.53,,
База,0064,50,TX,BENCH,SF6/125,T+00:00:03,64,,,MEAS,1,,69.49,,
База,0064,51,TX,BENCH,SF6/125,T+00:00:03,64,,,MEAS,1,,69.58,,
База,0064,52,TX,BENCH,SF6/125,T+00:00:03,64,,,MEAS,1,,69.55,,
База,0064,53,TX,BENCH,SF6/500,T+00:00:04,64,,,MEAS,1,,19.45,,
База,0064,54,TX,BENCH,SF6/500,T+00:00:04,64,,,MEAS,1,,19.54,,
База,0064,55,TX,BENCH,SF6/500,T+00:00:04,64,,,MEAS,1,,19.52,,
База,0064,56,TX,BENCH,SF6/500,T+00:00:04,64,,,MEAS,1,,19.51,,
База,0064,57,TX,BENCH,SF6/500,T+00:00:04,64,,,MEAS,1,,19.54,,
База,0064,58,TX,BENCH,SF6/500,T+00:00:04,64,,,MEAS,1,,19.52,,
База,0064,59,TX,BENCH,SF6/500,T+00:00:04,64,,,MEAS,1,,19.5,,
База,0064,60,TX,BENCH,SF12/125,T+00:00:04,64,,,MEAS,1,,2796.22,,
База,0064,61,TX,BENCH,SF12/125,T+00:00:07,64,,,MEAS,1,,2796.3,,
База,0064,62,TX,BENCH,SF12/125,T+00:00:10,64,,,MEAS,1,,2796.28,,
База,0064,63,TX,BENCH,SF12/125,T+00:00:13,64,,,MEAS,1,,2796.27,,
База,0064,64,TX,BENCH,SF12/125,T+00:00:16,64,,,MEAS,1,,2796.28,,
База,0064,65,TX,BENCH,SF12/125,T+00:00:19,64,,,MEAS,1,,2796.25,,
База,0064,66,TX,BENCH,SF12/125,T+00:00:21,64,,,MEAS,1,,2796.31,,
База,0064,67,TX,BENCH,SF12/500,T+00:00:27,64,,,MEAS,1,,619.26,,
База,0064,68,TX,BENCH,SF12/500,T+00:00:28,64,,,MEAS,1,,619.28,,
База,0064,69,TX,BENCH,SF12/500,T+00:00:29,64,,,MEAS,1,,619.25,,
База,0064,70,TX,BENCH,SF12/500,T+00:00:29,64,,,MEAS,1,,619.26,,
База,0064,71,TX,BENCH,SF12/500,T+00:00:30,64,,,MEAS,1,,619.26,,
База,0064,72,TX,BENCH,SF12/500,T+00:00:31,64,,,MEAS,1,,619.26,,
База,0064,73,TX,BENCH,SF12/500,T+00:00:31,64,,,MEAS,1,,619.26,,
База,0064,74,TX,BENCH,FSK15200,T+00:00:33,64,,,MEAS,1,,39.41,,
База,0064,75,TX,BENCH,FSK15200,T+00:00:33,64,,,MEAS,1,,39.49,,
База,0064,76,TX,BENCH,FSK15200,T+00:00:33,64,,,MEAS,1,,39.48,,
База,0064,77,TX,BENCH,FSK15200,T+00:00:33,64,,,MEAS,1,,39.5,,
База,0064,78,TX,BENCH,FSK15200,T+00:00:33,64,,,MEAS,1,,39.44,,
База,0064,79,TX,BENCH,FSK15200,T+00:00:33,64,,,MEAS,1,,39.46,,
База,0064,80,TX,BENCH,FSK15200,T+00:00:33,64,,,MEAS,1,,39.45,,
База,0064,81,TX,BENCH,FSK100000,T+00:00:33,64,,,MEAS,1,,8.1,,
База,0064,82,TX,BENCH,FSK100000,T+00:00:33,64,,,MEAS,1,,8.14,,
База,0064,83,TX,BENCH,FSK100000,T+00:00:34,64,,,MEAS,1,,8.11,,
База,0064,84,TX,BENCH,FSK100000,T+00:00:34,64,,,MEAS,1,,8.13,,
База,0064,85,TX,BENCH,FSK100000,T+00:00:34,64,,,MEAS,1,,8.12,,
База,0064,86,TX,BENCH,FSK100000,T+00:00:34,64,,,MEAS,1,,8.1,,
База,0064,87,TX,BENCH,FSK100000,T+00:00:34,64,,,MEAS,1,,8.14,,
База,0064,88,TX,BENCH,FSK100000,T+00:00:34,64,,,MEAS,1,,276.6,,
База,0064,89,,EVT,,T+00:00:34,,-3,10,MEAS,,MEAS_DONE,,,
База,0065,90,,EVT,,T+00:00:00,,-4,9.8,SYNC,,SYNC_OK,,,
База,0065,91,,EVT,,T+00:00:36,,-4,9.8,SYNC,,SYNC_FAIL,,,
База,0066,92,,EVT,,T+00:00:00,,4,11.3,SYNC,,SYNC_OK,,,
База,0066,93,,EVT,,T+00:34:00,,0,11.8,SYNC,,SYNC_FAIL,,,
База,0067,94,,EVT,,T+00:00:00,,0,11.5,SYNC,,SYNC_OK,,,
База,0068,95,,EVT,,T+00:00:00,,0,11.5,SYNC,,SYNC_OK,,,
База,0068,96,,EVT,,T+00:00:02,,0,11.5,SYNC,,MANUAL_STOP,,,
База,0069,97,,EVT,,T+00:00:00,,0,11.5,SYNC,,SYNC_OK,,,
База,0069,98,,EVT,,T+00:00:20,,0,11.5,SYNC,,MANUAL_STOP,,,
База,0069,99,,EVT,,T+00:00:00,,-1,9.3,SRCH,,MANUAL_STOP,,,
База,0070,100,,EVT,,T+00:00:00,,0,10.5,SYNC,,SYNC_OK,,,
База,0071,101,,EVT,,T+00:00:00,,-1,10.5,SYNC,,SYNC_OK,,,
База,0072,102,,EVT,,T+00:00:00,,-1,8.8,SYNC,,SYNC_OK,,,
База,0073,103,,EVT,,T+00:00:00,,-2,9.3,SYNC,,SYNC_OK,,,
База,0074,104,,EVT,,T+00:00:00,,-2,8.8,SYNC,,SYNC_OK,,,
База,0075,105,,EVT,,T+00:00:00,,-3,11.5,SYNC,,SYNC_OK,,,
База,0076,106,,EVT,,T+00:00:00,,-3,12,SYNC,,SYNC_OK,,,
База,0077,107,,EVT,,T+00:00:00,,-2,11.5,SYNC,,SYNC_OK,,,
База,0078,108,,EVT,,T+00:00:00,,-1,10.3,SYNC,,SYNC_OK,,,
База,0079,109,,EVT,,T+00:00:00,,-1,9.3,SYNC,,SYNC_OK,,,
База,0080,110,,EVT,,T+00:00:00,,0,11.8,SYNC,,SYNC_OK,,,
База,0081,111,,EVT,,T+00:00:00,,-1,9.3,SYNC,,SYNC_OK,,,
База,0082,112,,EVT,,T+00:00:00,,-59,9.8,SYNC,,SYNC_OK,,,
База,0083,113,,EVT,,T+00:00:00,,-10,11.8,SYNC,,SYNC_OK,,,
База,0084,114,,EVT,,T+00:00:00,,-3,12,SYNC,,SYNC_OK,,,
База,0085,115,,EVT,,T+00:00:00,,-3,12,SYNC,,SYNC_OK,,,
База,0086,116,,EVT,,T+00:00:00,,-4,12.3,SYNC,,SYNC_OK,,,
База,0087,117,,EVT,,T+00:00:00,,-8,11.5,SYNC,,SYNC_OK,,,
База,0088,118,,EVT,,T+00:00:00,,-9,11.5,SYNC,,SYNC_OK,,,
База,0089,119,,EVT,,T+00:00:00,,-10,9,SYNC,,SYNC_OK,,,
База,0089,120,TX,BENCH,SF6/125,T+00:00:05,64,,,MEAS,1,,69.57,,
База,0089,121,TX,BENCH,SF6/125,T+00:00:06,64,,,MEAS,1,,69.59,,
База,0089,122,TX,BENCH,SF6/125,T+00:00:06,64,,,MEAS,1,,69.57,,
База,0089,123,TX,BENCH,SF6/125,T+00:00:06,64,,,MEAS,1,,69.61,,
База,0089,124,TX,BENCH,SF6/125,T+00:00:06,64,,,MEAS,1,,69.56,,
База,0089,125,TX,BENCH,SF6/125,T+00:00:06,64,,,MEAS,1,,69.58,,
База,0089,126,TX,BENCH,SF6/125,T+00:00:06,64,,,MEAS,1,,69.57,,
База,0089,127,TX,BENCH,SF6/500,T+00:00:06,64,,,MEAS,1,,19.54,,
База,0089,128,TX,BENCH,SF6/500,T+00:00:06,64,,,MEAS,1,,19.58,,
База,0089,129,TX,BENCH,SF6/500,T+00:00:06,64,,,MEAS,1,,19.59,,
База,0089,130,TX,BENCH,SF6/500,T+00:00:07,64,,,MEAS,1,,19.56,,
База,0089,131,TX,BENCH,SF6/500,T+00:00:07,64,,,MEAS,1,,19.55,,
База,0089,132,TX,BENCH,SF6/500,T+00:00:07,64,,,MEAS,1,,19.54,,
База,0089,133,TX,BENCH,SF6/500,T+00:00:07,64,,,MEAS,1,,19.63,,
База,0089,134,TX,BENCH,SF12/125,T+00:00:07,64,,,MEAS,1,,2796.35,,
База,0089,135,TX,BENCH,SF12/125,T+00:00:10,64,,,MEAS,1,,2796.37,,
База,0089,136,TX,BENCH,SF12/125,T+00:00:12,64,,,MEAS,1,,2796.35,,
База,0089,137,TX,BENCH,SF12/125,T+00:00:15,64,,,MEAS,1,,2796.45,,
База,0089,138,TX,BENCH,SF12/125,T+00:00:18,64,,,MEAS,1,,2796.36,,
База,0089,139,TX,BENCH,SF12/125,T+00:00:21,64,,,MEAS,1,,2796.36,,
База,0089,140,TX,BENCH,SF12/125,T+00:00:24,64,,,MEAS,1,,2796.39,,
База,0089,141,TX,BENCH,SF12/500,T+00:00:30,64,,,MEAS,1,,619.34,,
База,0089,142,TX,BENCH,SF12/500,T+00:00:30,64,,,MEAS,1,,619.33,,
База,0089,143,TX,BENCH,SF12/500,T+00:00:31,64,,,MEAS,1,,619.34,,
База,0089,144,TX,BENCH,SF12/500,T+00:00:32,64,,,MEAS,1,,619.35,,
База,0089,145,TX,BENCH,SF12/500,T+00:00:32,64,,,MEAS,1,,619.32,,
База,0089,146,TX,BENCH,SF12/500,T+00:00:33,64,,,MEAS,1,,619.37,,
База,0089,147,TX,BENCH,SF12/500,T+00:00:34,64,,,MEAS,1,,619.36,,
База,0089,148,TX,BENCH,FSK15200,T+00:00:35,64,,,MEAS,1,,39.47,,
База,0089,149,TX,BENCH,FSK15200,T+00:00:35,64,,,MEAS,1,,39.53,,
База,0089,150,TX,BENCH,FSK15200,T+00:00:35,64,,,MEAS,1,,39.58,,
База,0089,151,TX,BENCH,FSK15200,T+00:00:35,64,,,MEAS,1,,39.51,,
База,0089,152,TX,BENCH,FSK15200,T+00:00:35,64,,,MEAS,1,,39.53,,
База,0089,153,TX,BENCH,FSK15200,T+00:00:35,64,,,MEAS,1,,39.53,,
База,0089,154,TX,BENCH,FSK15200,T+00:00:35,64,,,MEAS,1,,39.51,,
База,0089,155,TX,BENCH,FSK100000,T+00:00:36,64,,,MEAS,1,,8.16,,
База,0089,156,TX,BENCH,FSK100000,T+00:00:36,64,,,MEAS,1,,8.23,,
База,0089,157,TX,BENCH,FSK100000,T+00:00:36,64,,,MEAS,1,,8.2,,
База,0089,158,TX,BENCH,FSK100000,T+00:00:36,64,,,MEAS,1,,8.2,,
База,0089,159,TX,BENCH,FSK100000,T+00:00:36,64,,,MEAS,1,,8.19,,
База,0089,160,TX,BENCH,FSK100000,T+00:00:36,64,,,MEAS,1,,8.22,,
База,0089,161,TX,BENCH,FSK100000,T+00:00:36,64,,,MEAS,1,,8.21,,
База,0089,162,TX,BENCH,FSK100000,T+00:00:36,64,,,MEAS,1,,1051.05,,
База,0089,163,,EVT,,T+00:00:37,,-9,11.8,MEAS,,MEAS_DONE,,,
База,0090,164,,EVT,,T+00:00:00,,-8,11.8,SYNC,,SYNC_OK,,,
База,0090,165,,EVT,,T+00:00:36,,-8,11.8,SYNC,,SYNC_FAIL,,,
База,0091,166,,EVT,,T+00:00:00,,-9,11.8,SYNC,,SYNC_OK,,,
База,0092,167,,EVT,,T+00:00:00,,-3,11.8,SYNC,,SYNC_OK,,,
База,0093,168,,EVT,,T+00:00:00,,-6,10.5,SYNC,,SYNC_OK,,,
База,0093,169,TX,BENCH,SF6/125,T+00:00:04,64,,,MEAS,1,,69.51,,
База,0093,170,TX,BENCH,SF6/125,T+00:00:04,64,,,MEAS,1,,69.58,,
База,0093,171,TX,BENCH,SF6/125,T+00:00:05,64,,,MEAS,1,,69.56,,
База,0093,172,TX,BENCH,SF6/125,T+00:00:05,64,,,MEAS,1,,69.59,,
База,0093,173,TX,BENCH,SF6/125,T+00:00:05,64,,,MEAS,1,,69.56,,
База,0093,174,TX,BENCH,SF6/125,T+00:00:05,64,,,MEAS,1,,69.56,,
База,0093,175,TX,BENCH,SF6/125,T+00:00:05,64,,,MEAS,1,,69.56,,
База,0093,176,TX,BENCH,SF6/500,T+00:00:05,64,,,MEAS,1,,19.47,,
База,0093,177,TX,BENCH,SF6/500,T+00:00:05,64,,,MEAS,1,,19.55,,
База,0093,178,TX,BENCH,SF6/500,T+00:00:05,64,,,MEAS,1,,19.55,,
База,0093,179,TX,BENCH,SF6/500,T+00:00:05,64,,,MEAS,1,,19.56,,
База,0093,180,TX,BENCH,SF6/500,T+00:00:05,64,,,MEAS,1,,19.55,,
База,0093,181,TX,BENCH,SF6/500,T+00:00:05,64,,,MEAS,1,,19.55,,
База,0093,182,TX,BENCH,SF6/500,T+00:00:05,64,,,MEAS,1,,19.55,,
База,0093,183,TX,BENCH,SF12/125,T+00:00:06,64,,,MEAS,1,,2796.32,,
База,0093,184,TX,BENCH,SF12/125,T+00:00:08,64,,,MEAS,1,,2796.37,,
База,0093,185,TX,BENCH,SF12/125,T+00:00:11,64,,,MEAS,1,,2796.36,,
База,0093,186,TX,BENCH,SF12/125,T+00:00:14,64,,,MEAS,1,,2796.34,,
База,0093,187,TX,BENCH,SF12/125,T+00:00:17,64,,,MEAS,1,,2796.3,,
База,0093,188,TX,BENCH,SF12/125,T+00:00:20,64,,,MEAS,1,,2796.33,,
База,0093,189,TX,BENCH,SF12/125,T+00:00:23,64,,,MEAS,1,,2796.34,,
База,0093,190,TX,BENCH,SF12/500,T+00:00:28,64,,,MEAS,1,,619.26,,
База,0093,191,TX,BENCH,SF12/500,T+00:00:29,64,,,MEAS,1,,619.31,,
База,0093,192,TX,BENCH,SF12/500,T+00:00:29,64,,,MEAS,1,,619.3,,
База,0093,193,TX,BENCH,SF12/500,T+00:00:30,64,,,MEAS,1,,619.34,,
База,0093,194,TX,BENCH,SF12/500,T+00:00:31,64,,,MEAS,1,,619.34,,
База,0093,195,TX,BENCH,SF12/500,T+00:00:31,64,,,MEAS,1,,619.35,,
База,0093,196,TX,BENCH,SF12/500,T+00:00:32,64,,,MEAS,1,,619.29,,
База,0093,197,TX,BENCH,FSK15200,T+00:00:33,64,,,MEAS,1,,39.48,,
База,0093,198,TX,BENCH,FSK15200,T+00:00:33,64,,,MEAS,1,,39.53,,
База,0093,199,TX,BENCH,FSK15200,T+00:00:34,64,,,MEAS,1,,39.53,,
База,0093,200,TX,BENCH,FSK15200,T+00:00:34,64,,,MEAS,1,,39.49,,
База,0093,201,TX,BENCH,FSK15200,T+00:00:34,64,,,MEAS,1,,39.51,,
База,0093,202,TX,BENCH,FSK15200,T+00:00:34,64,,,MEAS,1,,39.54,,
База,0093,203,TX,BENCH,FSK15200,T+00:00:34,64,,,MEAS,1,,39.54,,
База,0093,204,TX,BENCH,FSK100000,T+00:00:34,64,,,MEAS,1,,8.13,,
База,0093,205,TX,BENCH,FSK100000,T+00:00:34,64,,,MEAS,1,,8.16,,
База,0093,206,TX,BENCH,FSK100000,T+00:00:34,64,,,MEAS,1,,8.15,,
База,0093,207,TX,BENCH,FSK100000,T+00:00:34,64,,,MEAS,1,,8.17,,
База,0093,208,TX,BENCH,FSK100000,T+00:00:34,64,,,MEAS,1,,8.19,,
База,0093,209,TX,BENCH,FSK100000,T+00:00:34,64,,,MEAS,1,,8.19,,
База,0093,210,TX,BENCH,FSK100000,T+00:00:34,64,,,MEAS,1,,8.18,,
База,0093,211,TX,BENCH,FSK100000,T+00:00:34,64,,,MEAS,1,,575.99,,
База,0093,212,,EVT,,T+00:00:35,,-5,11.8,MEAS,,MEAS_DONE,,,
База,0094,213,,EVT,,T+00:00:00,,-3,11.8,SYNC,,SYNC_OK,,,
База,0095,214,,EVT,,T+00:00:00,,-3,11.8,SYNC,,SYNC_OK,,,
База,0095,215,TX,BENCH,SF6/125,T+00:00:02,64,,,MEAS,1,,69.51,,
База,0095,216,TX,BENCH,SF6/125,T+00:00:03,64,,,MEAS,1,,69.58,,
База,0095,217,TX,BENCH,SF6/125,T+00:00:03,64,,,MEAS,1,,69.57,,
База,0095,218,TX,BENCH,SF6/125,T+00:00:03,64,,,MEAS,1,,69.57,,
База,0095,219,TX,BENCH,SF6/125,T+00:00:03,64,,,MEAS,1,,69.55,,
База,0095,220,TX,BENCH,SF6/125,T+00:00:03,64,,,MEAS,1,,69.59,,
База,0095,221,TX,BENCH,SF6/125,T+00:00:03,64,,,MEAS,1,,69.56,,
База,0095,222,TX,BENCH,SF6/500,T+00:00:03,64,,,MEAS,1,,19.52,,
База,0095,223,TX,BENCH,SF6/500,T+00:00:03,64,,,MEAS,1,,19.53,,
База,0095,224,TX,BENCH,SF6/500,T+00:00:03,64,,,MEAS,1,,19.53,,
База,0095,225,TX,BENCH,SF6/500,T+00:00:03,64,,,MEAS,1,,19.55,,
База,0095,226,TX,BENCH,SF6/500,T+00:00:04,64,,,MEAS,1,,19.52,,
База,0095,227,TX,BENCH,SF6/500,T+00:00:04,64,,,MEAS,1,,19.52,,
База,0095,228,TX,BENCH,SF6/500,T+00:00:04,64,,,MEAS,1,,19.57,,
База,0095,229,TX,BENCH,SF12/125,T+00:00:04,64,,,MEAS,1,,2796.27,,
База,0095,230,TX,BENCH,SF12/125,T+00:00:07,64,,,MEAS,1,,2796.38,,
База,0095,231,TX,BENCH,SF12/125,T+00:00:09,64,,,MEAS,1,,2796.32,,
База,0095,232,TX,BENCH,SF12/125,T+00:00:12,64,,,MEAS,1,,2796.34,,
База,0095,233,TX,BENCH,SF12/125,T+00:00:15,64,,,MEAS,1,,2796.34,,
База,0095,234,TX,BENCH,SF12/125,T+00:00:18,64,,,MEAS,1,,2796.38,,
База,0095,235,TX,BENCH,SF12/125,T+00:00:21,64,,,MEAS,1,,2796.3,,
База,0095,236,TX,BENCH,SF12/500,T+00:00:26,64,,,MEAS,1,,619.3,,
База,0095,237,TX,BENCH,SF12/500,T+00:00:27,64,,,MEAS,1,,619.33,,
База,0095,238,TX,BENCH,SF12/500,T+00:00:28,64,,,MEAS,1,,619.34,,
База,0095,239,TX,BENCH,SF12/500,T+00:00:28,64,,,MEAS,1,,619.32,,
База,0095,240,TX,BENCH,SF12/500,T+00:00:29,64,,,MEAS,1,,619.34,,
База,0095,241,TX,BENCH,SF12/500,T+00:00:30,64,,,MEAS,1,,619.31,,
База,0095,242,TX,BENCH,SF12/500,T+00:00:30,64,,,MEAS,1,,619.32,,
База,0095,243,TX,BENCH,FSK15200,T+00:00:32,64,,,MEAS,1,,39.59,,
База,0095,244,TX,BENCH,FSK15200,T+00:00:32,64,,,MEAS,1,,39.59,,
База,0095,245,TX,BENCH,FSK15200,T+00:00:32,64,,,MEAS,1,,39.53,,
База,0095,246,TX,BENCH,FSK15200,T+00:00:32,64,,,MEAS,1,,39.48,,
База,0095,247,TX,BENCH,FSK15200,T+00:00:32,64,,,MEAS,1,,39.5,,
База,0095,248,TX,BENCH,FSK15200,T+00:00:32,64,,,MEAS,1,,39.5,,
База,0095,249,TX,BENCH,FSK15200,T+00:00:32,64,,,MEAS,1,,39.51,,
База,0095,250,TX,BENCH,FSK100000,T+00:00:32,64,,,MEAS,1,,8.14,,
База,0095,251,TX,BENCH,FSK100000,T+00:00:32,64,,,MEAS,1,,8.16,,
База,0095,252,TX,BENCH,FSK100000,T+00:00:32,64,,,MEAS,1,,8.19,,
База,0095,253,TX,BENCH,FSK100000,T+00:00:32,64,,,MEAS,1,,8.18,,
База,0095,254,TX,BENCH,FSK100000,T+00:00:32,64,,,MEAS,1,,8.16,,
База,0095,255,TX,BENCH,FSK100000,T+00:00:32,64,,,MEAS,1,,8.16,,
База,0095,256,TX,BENCH,FSK100000,T+00:00:32,64,,,MEAS,1,,8.14,,
База,0095,257,TX,BENCH,FSK100000,T+00:00:33,64,,,MEAS,1,,497.94,,
База,0095,258,,EVT,,T+00:00:33,,-4,11.8,MEAS,,MEAS_DONE,,,
База,0096,259,,EVT,,T+00:00:00,,-7,11.8,SYNC,,SYNC_OK,,,
База,0096,260,,EVT,,T+00:00:36,,-7,11.8,SYNC,,SYNC_FAIL,,,
База,0097,261,,EVT,,T+00:00:00,,-8,11.8,SYNC,,SYNC_OK,,,
База,0097,262,TX,BENCH,SF6/125,T+00:00:03,64,,,MEAS,1,,69.56,,
База,0097,263,TX,BENCH,SF6/125,T+00:00:03,64,,,MEAS,1,,69.61,,
База,0097,264,TX,BENCH,SF6/125,T+00:00:03,64,,,MEAS,1,,69.55,,
База,0097,265,TX,BENCH,SF6/125,T+00:00:04,64,,,MEAS,1,,69.54,,
База,0097,266,TX,BENCH,SF6/125,T+00:00:04,64,,,MEAS,1,,69.53,,
База,0097,267,TX,BENCH,SF6/125,T+00:00:04,64,,,MEAS,1,,69.55,,
База,0097,268,TX,BENCH,SF6/125,T+00:00:04,64,,,MEAS,1,,69.57,,
База,0097,269,TX,BENCH,SF6/500,T+00:00:04,64,,,MEAS,1,,19.51,,
База,0097,270,TX,BENCH,SF6/500,T+00:00:04,64,,,MEAS,1,,19.57,,
База,0097,271,TX,BENCH,SF6/500,T+00:00:04,64,,,MEAS,1,,19.52,,
База,0097,272,TX,BENCH,SF6/500,T+00:00:04,64,,,MEAS,1,,19.53,,
База,0097,273,TX,BENCH,SF6/500,T+00:00:04,64,,,MEAS,1,,19.53,,
База,0097,274,TX,BENCH,SF6/500,T+00:00:04,64,,,MEAS,1,,19.53,,
База,0097,275,TX,BENCH,SF6/500,T+00:00:05,64,,,MEAS,1,,19.55,,
База,0097,276,TX,BENCH,SF12/125,T+00:00:05,64,,,MEAS,1,,2796.35,,
База,0097,277,TX,BENCH,SF12/125,T+00:00:07,64,,,MEAS,1,,2796.34,,
База,0097,278,TX,BENCH,SF12/125,T+00:00:10,64,,,MEAS,1,,2796.32,,
База,0097,279,TX,BENCH,SF12/125,T+00:00:13,64,,,MEAS,1,,2796.31,,
База,0097,280,TX,BENCH,SF12/125,T+00:00:16,64,,,MEAS,1,,2796.35,,
База,0097,281,TX,BENCH,SF12/125,T+00:00:19,64,,,MEAS,1,,2796.3,,
База,0097,282,TX,BENCH,SF12/125,T+00:00:22,64,,,MEAS,1,,2796.33,,
База,0097,283,TX,BENCH,SF12/500,T+00:00:27,64,,,MEAS,1,,619.28,,
База,0097,284,TX,BENCH,SF12/500,T+00:00:28,64,,,MEAS,1,,619.36,,
База,0097,285,TX,BENCH,SF12/500,T+00:00:29,64,,,MEAS,1,,619.31,,
База,0097,286,TX,BENCH,SF12/500,T+00:00:29,64,,,MEAS,1,,619.35,,
База,0097,287,TX,BENCH,SF12/500,T+00:00:30,64,,,MEAS,1,,619.36,,
База,0097,288,TX,BENCH,SF12/500,T+00:00:31,64,,,MEAS,1,,619.29,,
База,0097,289,TX,BENCH,SF12/500,T+00:00:31,64,,,MEAS,1,,619.31,,
База,0097,290,TX,BENCH,FSK15200,T+00:00:33,64,,,MEAS,1,,39.48,,
База,0097,291,TX,BENCH,FSK15200,T+00:00:33,64,,,MEAS,1,,39.48,,
База,0097,292,TX,BENCH,FSK15200,T+00:00:33,64,,,MEAS,1,,39.53,,
База,0097,293,TX,BENCH,FSK15200,T+00:00:33,64,,,MEAS,1,,39.55,,
База,0097,294,TX,BENCH,FSK15200,T+00:00:33,64,,,MEAS,1,,39.47,,
База,0097,295,TX,BENCH,FSK15200,T+00:00:33,64,,,MEAS,1,,39.57,,
База,0097,296,TX,BENCH,FSK15200,T+00:00:33,64,,,MEAS,1,,39.49,,
База,0097,297,TX,BENCH,FSK100000,T+00:00:33,64,,,MEAS,1,,8.15,,
База,0097,298,TX,BENCH,FSK100000,T+00:00:33,64,,,MEAS,1,,8.17,,
База,0097,299,TX,BENCH,FSK100000,T+00:00:33,64,,,MEAS,1,,8.13,,
База,0097,300,TX,BENCH,FSK100000,T+00:00:34,64,,,MEAS,1,,8.17,,
База,0097,301,TX,BENCH,FSK100000,T+00:00:34,64,,,MEAS,1,,8.16,,
База,0097,302,TX,BENCH,FSK100000,T+00:00:34,64,,,MEAS,1,,8.18,,
База,0097,303,TX,BENCH,FSK100000,T+00:00:34,64,,,MEAS,1,,8.16,,
База,0097,304,TX,BENCH,FSK100000,T+00:00:34,64,,,MEAS,1,,977.01,,
База,0097,305,,EVT,,T+00:00:35,,-5,11.5,MEAS,,MEAS_DONE,,,
База,0098,306,,EVT,,T+00:00:00,,-3,11.8,SYNC,,SYNC_OK,,,
База,0098,307,,EVT,,T+00:00:36,,-3,11.8,SYNC,,SYNC_FAIL,,,
База,0099,308,,EVT,,T+00:00:00,,-4,11.5,SYNC,,SYNC_OK,,,
База,0099,309,TX,BENCH,SF6/125,T+00:00:02,64,,,MEAS,1,,69.51,,
База,0099,310,TX,BENCH,SF6/125,T+00:00:02,64,,,MEAS,1,,69.59,,
База,0099,311,TX,BENCH,SF6/125,T+00:00:02,64,,,MEAS,1,,69.56,,
База,0099,312,TX,BENCH,SF6/125,T+00:00:03,64,,,MEAS,1,,69.57,,
База,0099,313,TX,BENCH,SF6/125,T+00:00:03,64,,,MEAS,1,,69.57,,
База,0099,314,TX,BENCH,SF6/125,T+00:00:03,64,,,MEAS,1,,69.53,,
База,0099,315,TX,BENCH,SF6/125,T+00:00:03,64,,,MEAS,1,,69.53,,
База,0099,316,TX,BENCH,SF6/500,T+00:00:03,64,,,MEAS,1,,19.53,,
База,0099,317,TX,BENCH,SF6/500,T+00:00:03,64,,,MEAS,1,,19.55,,
База,0099,318,TX,BENCH,SF6/500,T+00:00:03,64,,,MEAS,1,,19.54,,
База,0099,319,TX,BENCH,SF6/500,T+00:00:03,64,,,MEAS,1,,19.54,,
База,0099,320,TX,BENCH,SF6/500,T+00:00:03,64,,,MEAS,1,,19.51,,
База,0099,321,TX,BENCH,SF6/500,T+00:00:03,64,,,MEAS,1,,19.53,,
База,0099,322,TX,BENCH,SF6/500,T+00:00:04,64,,,MEAS,1,,19.54,,
База,0099,323,TX,BENCH,SF12/125,T+00:00:04,64,,,MEAS,1,,2796.28,,
База,0099,324,TX,BENCH,SF12/125,T+00:00:06,64,,,MEAS,1,,2796.33,,
База,0099,325,TX,BENCH,SF12/125,T+00:00:09,64,,,MEAS,1,,2796.31,,
База,0099,326,TX,BENCH,SF12/125,T+00:00:12,64,,,MEAS,1,,2796.36,,
База,0099,327,TX,BENCH,SF12/125,T+00:00:15,64,,,MEAS,1,,2796.34,,
База,0099,328,TX,BENCH,SF12/125,T+00:00:18,64,,,MEAS,1,,2796.33,,
База,0099,329,TX,BENCH,SF12/125,T+00:00:21,64,,,MEAS,1,,2796.32,,
База,0099,330,TX,BENCH,SF12/500,T+00:00:26,64,,,MEAS,1,,619.3,,
База,0099,331,TX,BENCH,SF12/500,T+00:00:27,64,,,MEAS,1,,619.38,,
База,0099,332,TX,BENCH,SF12/500,T+00:00:28,64,,,MEAS,1,,619.33,,
База,0099,333,TX,BENCH,SF12/500,T+00:00:29,64,,,MEAS,1,,619.3,,
База,0099,334,TX,BENCH,SF12/500,T+00:00:29,64,,,MEAS,1,,619.31,,
База,0099,335,TX,BENCH,SF12/500,T+00:00:30,64,,,MEAS,1,,619.29,,
База,0099,336,TX,BENCH,SF12/500,T+00:00:31,64,,,MEAS,1,,619.3,,
База,0099,337,TX,BENCH,FSK15200,T+00:00:32,64,,,MEAS,1,,39.52,,
База,0099,338,TX,BENCH,FSK15200,T+00:00:32,64,,,MEAS,1,,39.58,,
База,0099,339,TX,BENCH,FSK15200,T+00:00:32,64,,,MEAS,1,,39.46,,
База,0099,340,TX,BENCH,FSK15200,T+00:00:32,64,,,MEAS,1,,39.56,,
База,0099,341,TX,BENCH,FSK15200,T+00:00:32,64,,,MEAS,1,,39.49,,
База,0099,342,TX,BENCH,FSK15200,T+00:00:32,64,,,MEAS,1,,39.48,,
База,0099,343,TX,BENCH,FSK15200,T+00:00:32,64,,,MEAS,1,,39.53,,
База,0099,344,TX,BENCH,FSK100000,T+00:00:33,64,,,MEAS,1,,8.16,,
База,0099,345,TX,BENCH,FSK100000,T+00:00:33,64,,,MEAS,1,,8.18,,
База,0099,346,TX,BENCH,FSK100000,T+00:00:33,64,,,MEAS,1,,8.13,,
База,0099,347,TX,BENCH,FSK100000,T+00:00:33,64,,,MEAS,1,,8.16,,
База,0099,348,TX,BENCH,FSK100000,T+00:00:33,64,,,MEAS,1,,8.17,,
База,0099,349,TX,BENCH,FSK100000,T+00:00:33,64,,,MEAS,1,,8.17,,
База,0099,350,TX,BENCH,FSK100000,T+00:00:33,64,,,MEAS,1,,8.14,,
База,0099,351,TX,BENCH,FSK100000,T+00:00:33,64,,,MEAS,1,,899.42,,
База,0099,352,,EVT,,T+00:00:34,,-4,11.8,MEAS,,MEAS_DONE,,,
База,0100,353,,EVT,,T+00:00:00,,-5,11.8,SYNC,,SYNC_OK,,,
База,0100,354,,EVT,,T+00:00:05,,-5,11.8,SYNC,,MANUAL_STOP,,,
База,0101,355,,EVT,,T+00:00:00,,-9,11.5,SYNC,,SYNC_OK,,,
База,0101,356,TX,BENCH,SF6/125,T+00:00:04,64,,,MEAS,1,,69.55,,
База,0101,357,TX,BENCH,SF6/125,T+00:00:04,64,,,MEAS,1,,69.57,,
База,0101,358,TX,BENCH,SF6/125,T+00:00:04,64,,,MEAS,1,,69.58,,
База,0101,359,TX,BENCH,SF6/125,T+00:00:04,64,,,MEAS,1,,69.56,,
База,0101,360,TX,BENCH,SF6/125,T+00:00:04,64,,,MEAS,1,,69.6,,
База,0101,361,TX,BENCH,SF6/125,T+00:00:04,64,,,MEAS,1,,69.54,,
База,0101,362,TX,BENCH,SF6/125,T+00:00:04,64,,,MEAS,1,,69.51,,
База,0101,363,TX,BENCH,SF6/500,T+00:00:04,64,,,MEAS,1,,19.53,,
База,0101,364,TX,BENCH,SF6/500,T+00:00:04,64,,,MEAS,1,,19.57,,
База,0101,365,TX,BENCH,SF6/500,T+00:00:05,64,,,MEAS,1,,19.53,,
База,0101,366,TX,BENCH,SF6/500,T+00:00:05,64,,,MEAS,1,,19.53,,
База,0101,367,TX,BENCH,SF6/500,T+00:00:05,64,,,MEAS,1,,19.54,,
База,0101,368,TX,BENCH,SF6/500,T+00:00:05,64,,,MEAS,1,,19.54,,
База,0101,369,TX,BENCH,SF6/500,T+00:00:05,64,,,MEAS,1,,19.52,,
База,0101,370,TX,BENCH,SF12/125,T+00:00:05,64,,,MEAS,1,,2796.33,,
База,0101,371,TX,BENCH,SF12/125,T+00:00:08,64,,,MEAS,1,,2796.39,,
База,0101,372,TX,BENCH,SF12/125,T+00:00:10,64,,,MEAS,1,,2796.32,,
База,0101,373,TX,BENCH,SF12/125,T+00:00:13,64,,,MEAS,1,,2796.31,,
База,0101,374,TX,BENCH,SF12/125,T+00:00:16,64,,,MEAS,1,,2796.36,,
База,0101,375,TX,BENCH,SF12/125,T+00:00:19,64,,,MEAS,1,,2796.3,,
База,0101,376,TX,BENCH,SF12/125,T+00:00:22,64,,,MEAS,1,,2796.34,,
База,0101,377,TX,BENCH,SF12/500,T+00:00:27,64,,,MEAS,1,,619.29,,
База,0101,378,TX,BENCH,SF12/500,T+00:00:28,64,,,MEAS,1,,619.31,,
База,0101,379,TX,BENCH,SF12/500,T+00:00:29,64,,,MEAS,1,,619.31,,
База,0101,380,TX,BENCH,SF12/500,T+00:00:29,64,,,MEAS,1,,619.29,,
База,0101,381,TX,BENCH,SF12/500,T+00:00:30,64,,,MEAS,1,,619.31,,
База,0101,382,TX,BENCH,SF12/500,T+00:00:31,64,,,MEAS,1,,619.31,,
База,0101,383,TX,BENCH,SF12/500,T+00:00:31,64,,,MEAS,1,,619.31,,
База,0101,384,TX,BENCH,FSK15200,T+00:00:33,64,,,MEAS,1,,39.47,,
База,0101,385,TX,BENCH,FSK15200,T+00:00:33,64,,,MEAS,1,,39.54,,
База,0101,386,TX,BENCH,FSK15200,T+00:00:33,64,,,MEAS,1,,39.51,,
База,0101,387,TX,BENCH,FSK15200,T+00:00:33,64,,,MEAS,1,,39.49,,
База,0101,388,TX,BENCH,FSK15200,T+00:00:33,64,,,MEAS,1,,39.45,,
База,0101,389,TX,BENCH,FSK15200,T+00:00:33,64,,,MEAS,1,,39.46,,
База,0101,390,TX,BENCH,FSK15200,T+00:00:33,64,,,MEAS,1,,39.49,,
База,0101,391,TX,BENCH,FSK100000,T+00:00:33,64,,,MEAS,1,,8.12,,
База,0101,392,TX,BENCH,FSK100000,T+00:00:33,64,,,MEAS,1,,8.17,,
База,0101,393,TX,BENCH,FSK100000,T+00:00:33,64,,,MEAS,1,,8.19,,
База,0101,394,TX,BENCH,FSK100000,T+00:00:33,64,,,MEAS,1,,8.18,,
База,0101,395,TX,BENCH,FSK100000,T+00:00:33,64,,,MEAS,1,,8.14,,
База,0101,396,TX,BENCH,FSK100000,T+00:00:34,64,,,MEAS,1,,8.18,,
База,0101,397,TX,BENCH,FSK100000,T+00:00:34,64,,,MEAS,1,,8.14,,
База,0101,398,TX,BENCH,FSK100000,T+00:00:34,64,,,MEAS,1,,568.74,,
База,0101,399,,EVT,,T+00:00:34,,-61,11.5,MEAS,,MEAS_DONE,,,
База,0102,400,,EVT,,T+00:00:00,,-10,9,SYNC,,SYNC_OK,,,
База,0102,401,,EVT,,T+00:00:36,,-10,9,SYNC,,SYNC_FAIL,,,
База,0103,402,,EVT,,T+00:00:00,,-68,8,SYNC,,SYNC_OK,,,
База,0104,403,,EVT,,T+00:00:00,,-4,11.8,SYNC,,SYNC_OK,,,
База,0105,404,,EVT,,T+00:00:00,,-9,11.5,SYNC,,SYNC_OK,,,
База,0105,405,TX,BENCH,SF6/125,T+00:00:06,64,,,MEAS,1,,69.56,,
База,0105,406,TX,BENCH,SF6/125,T+00:00:06,64,,,MEAS,1,,69.6,,
База,0105,407,TX,BENCH,SF6/125,T+00:00:06,64,,,MEAS,1,,69.58,,
База,0105,408,TX,BENCH,SF6/125,T+00:00:06,64,,,MEAS,1,,69.57,,
База,0105,409,TX,BENCH,SF6/125,T+00:00:06,64,,,MEAS,1,,69.58,,
База,0105,410,TX,BENCH,SF6/125,T+00:00:06,64,,,MEAS,1,,69.57,,
База,0105,411,TX,BENCH,SF6/125,T+00:00:06,64,,,MEAS,1,,69.57,,
База,0105,412,TX,BENCH,SF6/500,T+00:00:07,64,,,MEAS,1,,19.52,,
База,0105,413,TX,BENCH,SF6/500,T+00:00:07,64,,,MEAS,1,,19.61,,
База,0105,414,TX,BENCH,SF6/500,T+00:00:07,64,,,MEAS,1,,19.54,,
База,0105,415,TX,BENCH,SF6/500,T+00:00:07,64,,,MEAS,1,,19.59,,
База,0105,416,TX,BENCH,SF6/500,T+00:00:07,64,,,MEAS,1,,19.55,,
База,0105,417,TX,BENCH,SF6/500,T+00:00:07,64,,,MEAS,1,,19.57,,
База,0105,418,TX,BENCH,SF6/500,T+00:00:07,64,,,MEAS,1,,19.57,,
База,0105,419,TX,BENCH,SF12/125,T+00:00:07,64,,,MEAS,1,,2796.29,,
База,0105,420,TX,BENCH,SF12/125,T+00:00:10,64,,,MEAS,1,,2796.4,,
База,0105,421,TX,BENCH,SF12/125,T+00:00:13,64,,,MEAS,1,,2796.36,,
База,0105,422,TX,BENCH,SF12/125,T+00:00:16,64,,,MEAS,1,,2796.38,,
База,0105,423,TX,BENCH,SF12/125,T+00:00:19,64,,,MEAS,1,,2796.38,,
База,0105,424,TX,BENCH,SF12/125,T+00:00:21,64,,,MEAS,1,,2796.35,,
База,0105,425,TX,BENCH,SF12/125,T+00:00:24,64,,,MEAS,1,,2796.33,,
База,0105,426,TX,BENCH,SF12/500,T+00:00:30,64,,,MEAS,1,,619.27,,
База,0105,427,TX,BENCH,SF12/500,T+00:00:30,64,,,MEAS,1,,619.37,,
База,0105,428,TX,BENCH,SF12/500,T+00:00:31,64,,,MEAS,1,,619.34,,
База,0105,429,TX,BENCH,SF12/500,T+00:00:32,64,,,MEAS,1,,619.37,,
База,0105,430,TX,BENCH,SF12/500,T+00:00:32,64,,,MEAS,1,,619.38,,
База,0105,431,TX,BENCH,SF12/500,T+00:00:33,64,,,MEAS,1,,619.36,,
База,0105,432,TX,BENCH,SF12/500,T+00:00:34,64,,,MEAS,1,,619.35,,
База,0105,433,TX,BENCH,FSK15200,T+00:00:35,64,,,MEAS,1,,39.44,,
База,0105,434,TX,BENCH,FSK15200,T+00:00:35,64,,,MEAS,1,,39.49,,
База,0105,435,TX,BENCH,FSK15200,T+00:00:35,64,,,MEAS,1,,39.48,,
База,0105,436,TX,BENCH,FSK15200,T+00:00:35,64,,,MEAS,1,,39.52,,
База,0105,437,TX,BENCH,FSK15200,T+00:00:35,64,,,MEAS,1,,39.49,,
База,0105,438,TX,BENCH,FSK15200,T+00:00:36,64,,,MEAS,1,,39.52,,
База,0105,439,TX,BENCH,FSK15200,T+00:00:36,64,,,MEAS,1,,39.49,,
База,0105,440,TX,BENCH,FSK100000,T+00:00:36,64,,,MEAS,1,,8.13,,
База,0105,441,TX,BENCH,FSK100000,T+00:00:36,64,,,MEAS,1,,8.19,,
База,0105,442,TX,BENCH,FSK100000,T+00:00:36,64,,,MEAS,1,,8.14,,
База,0105,443,TX,BENCH,FSK100000,T+00:00:36,64,,,MEAS,1,,8.18,,
База,0105,444,TX,BENCH,FSK100000,T+00:00:36,64,,,MEAS,1,,8.15,,
База,0105,445,TX,BENCH,FSK100000,T+00:00:36,64,,,MEAS,1,,8.14,,
База,0105,446,TX,BENCH,FSK100000,T+00:00:36,64,,,MEAS,1,,8.18,,
База,0105,447,TX,BENCH,FSK100000,T+00:00:36,64,,,MEAS,1,,297.97,,
База,0105,448,,EVT,,T+00:00:36,,-12,12.3,MEAS,,MEAS_DONE,,,
База,0106,449,,EVT,,T+00:00:00,,-5,11.8,SYNC,,SYNC_OK,,,
База,0106,450,,EVT,,T+00:00:02,,-5,11.8,SYNC,,MANUAL_STOP,,,
База,0107,451,,EVT,,T+00:00:00,,0,11,SYNC,,SYNC_OK,,,
База,0107,452,,EVT,,T+00:00:16,,-3,8.5,SYNC,,MANUAL_STOP,,,
База,0107,453,,EVT,,T+00:00:00,,-3,8.5,SRCH,,MANUAL_STOP,,,
База,0107,454,,EVT,,T+00:00:00,,-3,8.5,SRCH,,MANUAL_STOP,,,
База,0108,455,,EVT,,T+00:00:00,,-2,8.5,SYNC,,SYNC_OK,,,
База,0108,456,,EVT,,T+00:07:42,,-3,10.5,SYNC,,MANUAL_STOP,,,
База,0109,457,,EVT,,T+00:00:00,,-4,10.8,SYNC,,SYNC_OK,,,
База,0109,458,,EVT,,T+00:00:02,,-4,10.8,SYNC,,MANUAL_STOP,,,
База,0110,459,,EVT,,T+00:00:00,,-4,9.5,SYNC,,SYNC_OK,,,
База,0110,460,,EVT,,T+00:00:02,,-4,9.5,SYNC,,MANUAL_STOP,,,
База,0111,461,,EVT,,T+00:00:00,,-11,8.3,SYNC,,SYNC_OK,,,
База,0111,462,TX,BENCH,SF6/125,T+00:00:11,64,,,MEAS,1,,68.44,,
База,0111,463,TX,BENCH,SF6/125,T+00:00:11,64,,,MEAS,1,,68.41,,
База,0111,464,TX,BENCH,SF6/125,T+00:00:11,64,,,MEAS,1,,68.43,,
База,0111,465,TX,BENCH,SF6/125,T+00:00:11,64,,,MEAS,1,,68.41,,
База,0111,466,TX,BENCH,SF6/125,T+00:00:11,64,,,MEAS,1,,68.43,,
База,0111,467,TX,BENCH,SF6/125,T+00:00:11,64,,,MEAS,1,,68.4,,
База,0111,468,TX,BENCH,SF6/125,T+00:00:11,64,,,MEAS,1,,68.41,,
База,0111,469,TX,BENCH,SF6/125,T+00:00:11,64,,,MEAS,1,,68.4,,
База,0111,470,TX,BENCH,SF6/500,T+00:00:13,64,,,MEAS,1,,18.4,,
База,0111,471,TX,BENCH,SF6/500,T+00:00:13,64,,,MEAS,1,,18.4,,
База,0111,472,TX,BENCH,SF6/500,T+00:00:13,64,,,MEAS,1,,18.4,,
База,0111,473,TX,BENCH,SF6/500,T+00:00:13,64,,,MEAS,1,,18.4,,
База,0111,474,TX,BENCH,SF6/500,T+00:00:13,64,,,MEAS,1,,18.39,,
База,0111,475,TX,BENCH,SF6/500,T+00:00:13,64,,,MEAS,1,,18.39,,
База,0111,476,TX,BENCH,SF6/500,T+00:00:13,64,,,MEAS,1,,18.39,,
База,0111,477,TX,BENCH,SF6/500,T+00:00:13,64,,,MEAS,1,,18.4,,
База,0111,478,TX,BENCH,SF12/125,T+00:00:15,64,,,MEAS,1,,2795.2,,
База,0111,479,TX,BENCH,SF12/125,T+00:00:18,64,,,MEAS,1,,2795.18,,
База,0111,480,TX,BENCH,SF12/125,T+00:00:21,64,,,MEAS,1,,2795.22,,
База,0111,481,TX,BENCH,SF12/125,T+00:00:24,64,,,MEAS,1,,2795.19,,
База,0111,482,TX,BENCH,SF12/125,T+00:00:26,64,,,MEAS,1,,2795.18,,
База,0111,483,TX,BENCH,SF12/125,T+00:00:29,64,,,MEAS,1,,2795.21,,
База,0111,484,TX,BENCH,SF12/125,T+00:00:32,64,,,MEAS,1,,2795.2,,
База,0111,485,TX,BENCH,SF12/125,T+00:00:35,64,,,MEAS,1,,2795.21,,
База,0111,486,TX,BENCH,SF12/500,T+00:00:39,64,,,MEAS,1,,618.2,,
База,0111,487,TX,BENCH,SF12/500,T+00:00:40,64,,,MEAS,1,,618.19,,
База,0111,488,TX,BENCH,SF12/500,T+00:00:41,64,,,MEAS,1,,618.19,,
База,0111,489,TX,BENCH,SF12/500,T+00:00:41,64,,,MEAS,1,,618.22,,
База,0111,490,TX,BENCH,SF12/500,T+00:00:42,64,,,MEAS,1,,618.19,,
База,0111,491,TX,BENCH,SF12/500,T+00:00:43,64,,,MEAS,1,,618.17,,
База,0111,492,TX,BENCH,SF12/500,T+00:00:43,64,,,MEAS,1,,618.16,,
База,0111,493,TX,BENCH,SF12/500,T+00:00:44,64,,,MEAS,1,,618.18,,
База,0111,494,TX,BENCH,FSK15200,T+00:00:46,64,,,MEAS,1,,38.19,,
База,0111,495,TX,BENCH,FSK15200,T+00:00:46,64,,,MEAS,1,,38.15,,
База,0111,496,TX,BENCH,FSK15200,T+00:00:46,64,,,MEAS,1,,38.17,,
База,0111,497,TX,BENCH,FSK15200,T+00:00:46,64,,,MEAS,1,,38.15,,
База,0111,498,TX,BENCH,FSK15200,T+00:00:46,64,,,MEAS,1,,38.17,,
База,0111,499,TX,BENCH,FSK15200,T+00:00:47,64,,,MEAS,1,,38.16,,
База,0111,500,TX,BENCH,FSK15200,T+00:00:47,64,,,MEAS,1,,38.15,,
База,0111,501,TX,BENCH,FSK15200,T+00:00:47,64,,,MEAS,1,,38.17,,
База,0111,502,TX,BENCH,FSK100000,T+00:00:48,64,,,MEAS,1,,6.94,,
База,0111,503,TX,BENCH,FSK100000,T+00:00:48,64,,,MEAS,1,,6.91,,
База,0111,504,TX,BENCH,FSK100000,T+00:00:48,64,,,MEAS,1,,6.88,,
База,0111,505,TX,BENCH,FSK100000,T+00:00:49,64,,,MEAS,1,,6.9,,
База,0111,506,TX,BENCH,FSK100000,T+00:00:49,64,,,MEAS,1,,6.89,,
База,0111,507,TX,BENCH,FSK100000,T+00:00:49,64,,,MEAS,1,,6.89,,
База,0111,508,TX,BENCH,FSK100000,T+00:00:49,64,,,MEAS,1,,6.87,,
База,0111,509,TX,BENCH,FSK100000,T+00:00:49,64,,,MEAS,1,,6.88,,
База,0111,510,,EVT,,T+00:00:50,,-10,9.5,MEAS,,MEAS_DONE,,,
База,0112,511,,EVT,,T+00:00:00,,-10,9.5,SYNC,,SYNC_OK,,,
База,0112,512,,EVT,,T+00:00:05,,-13,11.5,SYNC,,MANUAL_STOP,,,
База,0113,513,,EVT,,T+00:00:00,,-10,8.5,SYNC,,SYNC_OK,,,
База,0113,514,TX,TEST,SF6/125,T+00:00:12,64,,,TEST,,,70.15,4,4
База,0113,515,TX,TEST,SF6/125,T+00:00:14,64,,,TEST,,,70.02,4,4
База,0113,516,TX,TEST,SF6/125,T+00:00:16,64,,,TEST,,,70.29,4,4
База,0113,517,TX,TEST,SF6/125,T+00:00:18,64,,,TEST,,,80.02,4,4
База,0113,518,,EVT,,T+00:00:18,,-11,8.8,TEST,,MANUAL_STOP,,,
База,0114,519,,EVT,,T+00:00:00,,-9,10,SYNC,,SYNC_OK,,,
База,0114,520,,EVT,,T+00:00:09,,-9,11.3,SYNC,,MANUAL_STOP,,,
База,0115,521,,EVT,,T+00:00:00,,-8,12,SYNC,,SYNC_OK,,,
База,0115,522,,EVT,,T+00:00:06,,-9,11.5,SYNC,,MANUAL_STOP,,,
База,0116,523,,EVT,,T+00:00:00,,-4,12,SYNC,,SYNC_OK,,,
База,0116,524,TX,TEST,SF6/125,T+00:00:19,64,,,TEST,,,74.1,4,4
База,0116,525,TX,TEST,SF6/125,T+00:00:22,64,,,TEST,,,73.98,4,4
База,0116,526,TX,TEST,SF6/125,T+00:00:24,64,,,TEST,,,69.39,4,4
База,0116,527,TX,TEST,SF6/125,T+00:00:26,64,,,TEST,,,70.76,4,4
База,0116,528,TX,TEST,SF6/125,T+00:00:28,64,,,TEST,,,69.33,4,4
База,0116,529,TX,TEST,SF6/125,T+00:00:30,64,,,TEST,,,71.5,4,4
База,0116,530,TX,TEST,SF6/125,T+00:00:32,64,,,TEST,,,72.31,4,4
База,0116,531,TX,TEST,SF6/125,T+00:00:34,64,,,TEST,,,72.92,4,4
База,0116,532,TX,TEST,SF6/500,T+00:00:36,64,,,TEST,,,19.89,4,4
База,0116,533,TX,TEST,SF6/500,T+00:00:38,64,,,TEST,,,18.87,4,3
База,0116,534,TX,TEST,SF6/500,T+00:00:40,64,,,TEST,,,18.95,4,4
База,0116,535,TX,TEST,SF6/500,T+00:00:42,64,,,TEST,,,19.05,4,4
База,0116,536,TX,TEST,SF6/500,T+00:00:44,64,,,TEST,,,19.17,4,4
База,0116,537,TX,TEST,SF6/500,T+00:00:46,64,,,TEST,,,24.16,4,4
База,0116,538,TX,TEST,SF12/125,T+00:00:59,64,,,TEST,,,2805.35,4,4
База,0116,539,TX,TEST,SF6/125,T+00:01:01,64,,,TEST,,,69.1,4,4
База,0116,540,TX,TEST,SF6/125,T+00:01:03,64,,,TEST,,,69.53,4,4
База,0116,541,TX,TEST,SF12/125,T+00:01:16,64,,,TEST,,,2796.71,4,4
База,0116,542,TX,TEST,FSK15200,T+00:01:18,64,,,TEST,,,43.01,4,4
База,0116,543,TX,TEST,FSK15200,T+00:01:20,64,,,TEST,,,43.22,4,4
База,0116,544,TX,TEST,FSK15200,T+00:01:22,64,,,TEST,,,43.42,4,4
База,0116,545,TX,TEST,FSK100000,T+00:01:24,64,,,TEST,,,17.86,4,4
База,0116,546,TX,TEST,FSK100000,T+00:01:26,64,,,TEST,,,17.95,4,4
База,0116,547,TX,TEST,FSK100000,T+00:01:27,64,,,TEST,,,18.04,4,4
База,0116,548,TX,TEST,SF6/125,T+00:01:30,64,,,TEST,,,84.74,4,3
База,0116,549,TX,TEST,SF6/125,T+00:01:32,64,,,TEST,,,78.12,4,4
База,0116,550,TX,TEST,SF6/125,T+00:01:34,64,,,TEST,,,78.4,4,4
База,0116,551,TX,TEST,SF6/125,T+00:01:36,64,,,TEST,,,78.86,4,4
База,0116,552,TX,TEST,FSK100000,T+00:01:38,64,,,TEST,,,20.8,4,4
База,0116,553,TX,TEST,FSK100000,T+00:01:40,64,,,TEST,,,23.19,4,4
База,0116,554,TX,TEST,FSK100000,T+00:01:41,64,,,TEST,,,23.34,4,4
База,0116,555,,EVT,,T+00:01:41,,-4,12,TEST,,MANUAL_STOP,,,
База,0117,556,,EVT,,T+00:00:00,,-3,8.5,SYNC,,SYNC_OK,,,
База,0117,557,TX,TEST,SF6/125,T+00:02:01,64,,,TEST,,,89.3,4,4
База,0117,558,TX,TEST,SF6/125,T+00:02:03,64,,,TEST,,,89.11,4,4
База,0117,559,TX,TEST,SF6/125,T+00:02:05,64,,,TEST,,,69.51,4,4
База,0117,560,TX,TEST,SF6/125,T+00:02:07,64,,,TEST,,,69.14,4,4
База,0117,561,TX,TEST,SF6/125,T+00:02:10,64,,,TEST,,,70.34,4,4
База,0117,562,TX,TEST,SF6/125,T+00:02:12,64,,,TEST,,,71.29,4,4
База,0117,563,TX,TEST,SF6/125,T+00:02:14,64,,,TEST,,,71.37,4,4
База,0117,564,TX,TEST,SF6/125,T+00:02:16,64,,,TEST,,,71.78,4,4
База,0117,565,TX,TEST,SF6/125,T+00:02:18,64,,,TEST,,,72.49,4,4
База,0117,566,TX,TEST,SF6/125,T+00:02:20,64,,,TEST,,,73.16,4,4
База,0117,567,TX,TEST,SF6/125,T+00:02:22,64,,,TEST,,,73.54,4,4
База,0117,568,TX,TEST,SF6/125,T+00:02:24,64,,,TEST,,,74.19,4,4
База,0117,569,TX,TEST,SF6/125,T+00:02:26,64,,,TEST,,,74.59,4,4
База,0117,570,TX,TEST,SF6/125,T+00:02:29,64,,,TEST,,,75.02,4,4
База,0117,571,TX,TEST,SF6/125,T+00:02:31,64,,,TEST,,,71.49,4,4
База,0117,572,TX,TEST,SF6/125,T+00:02:33,64,,,TEST,,,71.81,4,4
База,0117,573,TX,TEST,FSK100000,T+00:02:35,64,,,TEST,,,13.17,4,4
База,0117,574,TX,TEST,FSK100000,T+00:02:36,64,,,TEST,,,13.27,4,4
База,0117,575,TX,TEST,FSK100000,T+00:02:38,64,,,TEST,,,15.81,4,4
База,0117,576,TX,TEST,FSK100000,T+00:02:40,64,,,TEST,,,15.82,4,4
База,0117,577,TX,TEST,FSK100000,T+00:02:42,64,,,TEST,,,15.97,4,4
База,0117,578,TX,TEST,FSK100000,T+00:02:44,64,,,TEST,,,15.99,4,3
База,0117,579,TX,TEST,SF6/125,T+00:02:46,64,,,TEST,,,69.45,4,4
База,0117,580,TX,TEST,SF6/500,T+00:02:48,64,,,TEST,,,18.91,4,4
База,0117,581,TX,TEST,SF6/500,T+00:02:50,64,,,TEST,,,18.89,4,3
База,0117,582,TX,TEST,SF6/500,T+00:02:52,64,,,TEST,,,19.09,4,2
База,0117,583,TX,TEST,SF6/500,T+00:02:54,64,,,TEST,,,21.55,4,4
База,0117,584,TX,TEST,SF6/500,T+00:02:56,64,,,TEST,,,21.48,4,4
База,0117,585,TX,TEST,SF6/500,T+00:02:57,64,,,TEST,,,21.49,4,3
База,0117,586,TX,TEST,SF6/500,T+00:02:59,64,,,TEST,,,21.68,4,3
База,0117,587,TX,TEST,SF6/500,T+00:03:01,64,,,TEST,,,24.04,4,3
База,0117,588,TX,TEST,SF6/500,T+00:03:03,64,,,TEST,,,24.13,4,4
База,0117,589,TX,TEST,SF6/500,T+00:03:05,64,,,TEST,,,24.16,4,4
База,0117,590,TX,TEST,SF6/500,T+00:03:07,64,,,TEST,,,24.19,4,4
База,0117,591,TX,TEST,SF12/125,T+00:03:20,64,,,TEST,,,2796.33,4,4
База,0117,592,TX,TEST,SF6/500,T+00:03:22,64,,,TEST,,,19.18,4,4
База,0117,593,TX,TEST,SF6/500,T+00:03:24,64,,,TEST,,,19.52,4,4
База,0117,594,TX,TEST,SF6/125,T+00:03:26,64,,,TEST,,,71.84,4,4
База,0117,595,TX,TEST,SF6/125,T+00:03:28,64,,,TEST,,,72.26,4,4
База,0117,596,TX,TEST,SF6/125,T+00:03:30,64,,,TEST,,,72.91,4,4
База,0117,597,TX,TEST,SF6/125,T+00:03:32,64,,,TEST,,,73.74,4,4
База,0117,598,TX,TEST,SF6/125,T+00:03:34,64,,,TEST,,,69.6,4,4
База,0117,599,TX,TEST,SF6/125,T+00:03:36,64,,,TEST,,,70.08,4,4
База,0117,600,TX,TEST,SF6/125,T+00:03:38,64,,,TEST,,,70.43,4,4
База,0117,601,TX,TEST,SF6/125,T+00:03:41,64,,,TEST,,,70.95,4,4
База,0117,602,TX,TEST,SF6/125,T+00:03:43,64,,,TEST,,,68.86,4,4
База,0117,603,TX,TEST,SF6/125,T+00:03:45,64,,,TEST,,,68.81,4,4
База,0117,604,TX,TEST,SF6/125,T+00:03:47,64,,,TEST,,,69.5,4,4
База,0117,605,TX,TEST,FSK15200,T+00:03:49,64,,,TEST,,,46.6,4,4
База,0117,606,TX,TEST,FSK15200,T+00:03:51,64,,,TEST,,,42.89,4,4
База,0117,607,TX,TEST,FSK15200,T+00:03:53,64,,,TEST,,,42.88,4,4
База,0117,608,TX,TEST,FSK15200,T+00:03:55,64,,,TEST,,,43.08,4,4
База,0117,609,TX,TEST,SF6/500,T+00:03:57,64,,,TEST,,,29.83,4,4
База,0117,610,TX,TEST,SF6/500,T+00:03:59,64,,,TEST,,,34.83,4,4
База,0117,611,TX,TEST,SF12/125,T+00:04:12,64,,,TEST,,,2803.9,4,4
База,0117,612,TX,TEST,SF6/125,T+00:04:14,64,,,TEST,,,80.49,4,4
База,0117,613,TX,TEST,SF6/125,T+00:04:16,64,,,TEST,,,80.71,4,4
База,0117,614,TX,TEST,SF6/125,T+00:04:18,64,,,TEST,,,78.18,4,4
База,0117,615,TX,TEST,SF6/125,T+00:04:20,64,,,TEST,,,78.3,4,4
База,0117,616,TX,TEST,SF6/125,T+00:04:22,64,,,TEST,,,78.54,4,4
База,0117,617,TX,TEST,SF6/125,T+00:04:24,64,,,TEST,,,78.98,4,4
База,0117,618,TX,TEST,SF6/125,T+00:04:26,64,,,TEST,,,88.92,4,4
База,0117,619,,EVT,,T+00:04:26,,-9,10.5,TEST,,MANUAL_STOP,,,
База,0118,620,,EVT,,T+00:00:00,,-14,11.3,SYNC,,SYNC_OK,,,
База,0118,621,,EVT,,T+00:00:20,,-65,8.8,SYNC,,MANUAL_STOP,,,
База,0119,622,,EVT,,T+00:00:00,,-4,11.5,SYNC,,SYNC_OK,,,
База,0119,623,,EVT,,T+00:00:09,,-5,12,SYNC,,MANUAL_STOP,,,
База,0120,624,,EVT,,T+00:00:00,,-3,10.8,SYNC,,SYNC_OK,,,
База,0120,625,TX,TEST,SF6/125,T+00:00:13,64,,,TEST,,,69.72,4,4
База,0120,626,TX,TEST,SF6/125,T+00:00:16,64,,,TEST,,,69.57,4,4
База,0120,627,TX,TEST,SF6/500,T+00:00:19,64,,,TEST,,,21.28,4,2
База,0120,628,TX,TEST,SF6/500,T+00:00:20,64,,,TEST,,,18.89,1,1
База,0120,629,TX,TEST,SF12/125,T+00:00:30,64,,,TEST,,,2796.76,3,3
База,0120,630,TX,TEST,SF12/500,T+00:00:36,64,,,TEST,,,619.59,4,4
База,0120,631,TX,TEST,FSK15200,T+00:00:39,64,,,TEST,,,40.19,4,4
База,0120,632,TX,TEST,FSK100000,T+00:00:42,64,,,TEST,,,7.11,4,4
База,0120,633,TX,TEST,FSK100000,T+00:00:43,64,,,TEST,,,7.91,2,1
База,0120,634,TX,TEST,SF6/125,T+00:00:46,64,,,TEST,,,69.56,4,4
База,0120,635,TX,TEST,SF6/125,T+00:00:48,64,,,TEST,,,69.51,1,1
База,0120,636,TX,TEST,SF6/500,T+00:00:51,64,,,TEST,,,18.9,4,4
База,0120,637,TX,TEST,SF6/500,T+00:00:52,64,,,TEST,,,21.24,2,2
База,0120,638,TX,TEST,FSK100000,T+00:00:54,64,,,TEST,,,7,1,1
База,0120,639,TX,TEST,SF12/500,T+00:00:57,64,,,TEST,,,618.42,3,3
База,0120,640,TX,TEST,FSK100000,T+00:01:00,64,,,TEST,,,7.1,4,4
База,0120,641,TX,TEST,FSK100000,T+00:01:03,64,,,TEST,,,8,4,4
База,0120,642,TX,TEST,FSK100000,T+00:01:06,64,,,TEST,,,7.76,4,4
База,0120,643,TX,TEST,FSK100000,T+00:01:08,64,,,TEST,,,7.93,2,2
База,0120,644,TX,BENCH,SF6/125,T+00:01:26,64,,,MEAS,1,,68.45,,
База,0120,645,TX,BENCH,SF6/125,T+00:01:26,64,,,MEAS,1,,68.43,,
База,0120,646,TX,BENCH,SF6/125,T+00:01:26,64,,,MEAS,1,,68.44,,
База,0120,647,TX,BENCH,SF6/125,T+00:01:27,64,,,MEAS,1,,68.41,,
База,0120,648,TX,BENCH,SF6/125,T+00:01:27,64,,,MEAS,1,,68.43,,
База,0120,649,TX,BENCH,SF6/125,T+00:01:27,64,,,MEAS,1,,68.45,,
База,0120,650,TX,BENCH,SF6/125,T+00:01:27,64,,,MEAS,1,,68.4,,
База,0120,651,TX,BENCH,SF6/125,T+00:01:27,64,,,MEAS,1,,68.42,,
База,0120,652,TX,BENCH,SF6/500,T+00:01:29,64,,,MEAS,1,,18.4,,
База,0120,653,TX,BENCH,SF6/500,T+00:01:29,64,,,MEAS,1,,18.42,,
База,0120,654,TX,BENCH,SF6/500,T+00:01:29,64,,,MEAS,1,,18.42,,
База,0120,655,TX,BENCH,SF6/500,T+00:01:29,64,,,MEAS,1,,18.42,,
База,0120,656,TX,BENCH,SF6/500,T+00:01:29,64,,,MEAS,1,,18.39,,
База,0120,657,TX,BENCH,SF6/500,T+00:01:29,64,,,MEAS,1,,18.41,,
База,0120,658,TX,BENCH,SF6/500,T+00:01:29,64,,,MEAS,1,,18.41,,
База,0120,659,TX,BENCH,SF6/500,T+00:01:29,64,,,MEAS,1,,18.42,,
База,0120,660,TX,BENCH,SF12/125,T+00:01:31,64,,,MEAS,1,,2795.22,,
База,0120,661,TX,BENCH,SF12/125,T+00:01:34,64,,,MEAS,1,,2795.18,,
База,0120,662,TX,BENCH,SF12/125,T+00:01:36,64,,,MEAS,1,,2795.2,,
База,0120,663,TX,BENCH,SF12/125,T+00:01:39,64,,,MEAS,1,,2795.2,,
База,0120,664,TX,BENCH,SF12/125,T+00:01:42,64,,,MEAS,1,,2795.2,,
База,0120,665,TX,BENCH,SF12/125,T+00:01:45,64,,,MEAS,1,,2795.21,,
База,0120,666,TX,BENCH,SF12/125,T+00:01:48,64,,,MEAS,1,,2795.2,,
База,0120,667,TX,BENCH,SF12/125,T+00:01:50,64,,,MEAS,1,,2795.19,,
База,0120,668,TX,BENCH,SF12/500,T+00:01:55,64,,,MEAS,1,,618.2,,
База,0120,669,TX,BENCH,SF12/500,T+00:01:56,64,,,MEAS,1,,618.18,,
База,0120,670,TX,BENCH,SF12/500,T+00:01:56,64,,,MEAS,1,,618.18,,
База,0120,671,TX,BENCH,SF12/500,T+00:01:57,64,,,MEAS,1,,618.18,,
База,0120,672,TX,BENCH,SF12/500,T+00:01:58,64,,,MEAS,1,,618.22,,
База,0120,673,TX,BENCH,SF12/500,T+00:01:58,64,,,MEAS,1,,618.22,,
База,0120,674,TX,BENCH,SF12/500,T+00:01:59,64,,,MEAS,1,,618.2,,
База,0120,675,TX,BENCH,SF12/500,T+00:01:59,64,,,MEAS,1,,618.16,,
База,0120,676,TX,BENCH,FSK15200,T+00:02:02,64,,,MEAS,1,,38.18,,
База,0120,677,TX,BENCH,FSK15200,T+00:02:02,64,,,MEAS,1,,38.15,,
База,0120,678,TX,BENCH,FSK15200,T+00:02:02,64,,,MEAS,1,,38.15,,
База,0120,679,TX,BENCH,FSK15200,T+00:02:02,64,,,MEAS,1,,38.15,,
База,0120,680,TX,BENCH,FSK15200,T+00:02:02,64,,,MEAS,1,,38.14,,
База,0120,681,TX,BENCH,FSK15200,T+00:02:02,64,,,MEAS,1,,38.18,,
База,0120,682,TX,BENCH,FSK15200,T+00:02:02,64,,,MEAS,1,,38.15,,
База,0120,683,TX,BENCH,FSK15200,T+00:02:02,64,,,MEAS,1,,38.16,,
База,0120,684,TX,BENCH,FSK100000,T+00:02:04,64,,,MEAS,1,,6.91,,
База,0120,685,TX,BENCH,FSK100000,T+00:02:04,64,,,MEAS,1,,6.89,,
База,0120,686,TX,BENCH,FSK100000,T+00:02:04,64,,,MEAS,1,,6.88,,
База,0120,687,TX,BENCH,FSK100000,T+00:02:04,64,,,MEAS,1,,6.9,,
База,0120,688,TX,BENCH,FSK100000,T+00:02:04,64,,,MEAS,1,,6.9,,
База,0120,689,TX,BENCH,FSK100000,T+00:02:04,64,,,MEAS,1,,6.9,,
База,0120,690,TX,BENCH,FSK100000,T+00:02:04,64,,,MEAS,1,,6.88,,
База,0120,691,TX,BENCH,FSK100000,T+00:02:04,64,,,MEAS,1,,6.88,,
База,0120,692,,EVT,,T+00:02:06,,-4,12.3,MEAS,,MEAS_DONE,,,
База,0121,693,,EVT,,T+00:00:00,,-4,12.3,SYNC,,SYNC_OK,,,
База,0121,694,,EVT,,T+00:03:33,,-3,9.5,SYNC,,MANUAL_STOP,,,
Ровер,0120,0,RX,BENCH,SF6/125,T+00:01:27,64,-17,6.3,MEAS,1,,,,
Ровер,0120,1,RX,BENCH,SF6/125,T+00:01:27,64,-17,6.5,MEAS,1,,,,
Ровер,0120,2,RX,BENCH,SF6/125,T+00:01:27,64,-17,7.5,MEAS,1,,,,
Ровер,0120,3,RX,BENCH,SF6/125,T+00:01:27,64,-17,6.8,MEAS,1,,,,
Ровер,0120,4,RX,BENCH,SF6/125,T+00:01:27,64,-18,6.8,MEAS,1,,,,
Ровер,0120,5,RX,BENCH,SF6/125,T+00:01:27,64,-17,7,MEAS,1,,,,
Ровер,0120,6,RX,BENCH,SF6/125,T+00:01:27,64,-17,7,MEAS,1,,,,
Ровер,0120,7,RX,BENCH,SF6/125,T+00:01:27,64,-18,7.3,MEAS,1,,,,
Ровер,0120,8,RX,BENCH,SF6/500,T+00:01:29,64,-12,4,MEAS,1,,,,
Ровер,0120,9,RX,BENCH,SF6/500,T+00:01:29,64,-13,2.8,MEAS,1,,,,
Ровер,0120,10,RX,BENCH,SF6/500,T+00:01:29,64,-12,3,MEAS,1,,,,
Ровер,0120,11,RX,BENCH,SF6/500,T+00:01:29,64,-13,3,MEAS,1,,,,
Ровер,0120,12,RX,BENCH,SF6/500,T+00:01:29,64,-12,2.8,MEAS,1,,,,
Ровер,0120,13,RX,BENCH,SF6/500,T+00:01:29,64,-13,3,MEAS,1,,,,
Ровер,0120,14,RX,BENCH,SF6/500,T+00:01:29,64,-12,2,MEAS,1,,,,
Ровер,0120,15,RX,BENCH,SF6/500,T+00:01:29,64,-12,3,MEAS,1,,,,
Ровер,0120,16,RX,BENCH,SF12/125,T+00:01:34,64,-10,10,MEAS,1,,,,
Ровер,0120,17,RX,BENCH,SF12/125,T+00:01:37,64,-11,9.5,MEAS,1,,,,
Ровер,0120,18,RX,BENCH,SF12/125,T+00:01:39,64,-11,8.8,MEAS,1,,,,
Ровер,0120,19,RX,BENCH,SF12/125,T+00:01:42,64,-11,8.8,MEAS,1,,,,
Ровер,0120,20,RX,BENCH,SF12/125,T+00:01:45,64,-11,10.3,MEAS,1,,,,
Ровер,0120,21,RX,BENCH,SF12/125,T+00:01:48,64,-11,11,MEAS,1,,,,
Ровер,0120,22,RX,BENCH,SF12/125,T+00:01:51,64,-10,10.5,MEAS,1,,,,
Ровер,0120,23,RX,BENCH,SF12/125,T+00:01:54,64,-21,10.3,MEAS,1,,,,
Ровер,0120,24,RX,BENCH,SF12/500,T+00:01:56,64,-23,4.3,MEAS,1,,,,
Ровер,0120,25,RX,BENCH,SF12/500,T+00:01:57,64,-21,4.5,MEAS,1,,,,
Ровер,0120,26,RX,BENCH,SF12/500,T+00:01:57,64,-22,4.8,MEAS,1,,,,
Ровер,0120,27,RX,BENCH,SF12/500,T+00:01:58,64,-21,4.8,MEAS,1,,,,
Ровер,0120,28,RX,BENCH,SF12/500,T+00:01:58,64,-21,4.5,MEAS,1,,,,
Ровер,0120,29,RX,BENCH,SF12/500,T+00:01:59,64,-21,4.8,MEAS,1,,,,
Ровер,0120,30,RX,BENCH,SF12/500,T+00:02:00,64,-21,4.5,MEAS,1,,,,
Ровер,0120,31,RX,BENCH,SF12/500,T+00:02:00,64,-20,5.3,MEAS,1,,,,
Ровер,0120,32,RX,BENCH,FSK15200,T+00:02:02,64,-4,0,MEAS,1,,,,
Ровер,0120,33,RX,BENCH,FSK15200,T+00:02:02,64,0,0,MEAS,1,,,,
Ровер,0120,34,RX,BENCH,FSK15200,T+00:02:02,64,0,0,MEAS,1,,,,
Ровер,0120,35,RX,BENCH,FSK15200,T+00:02:02,64,0,0,MEAS,1,,,,
Ровер,0120,36,RX,BENCH,FSK15200,T+00:02:02,64,-29,0,MEAS,1,,,,
Ровер,0120,37,RX,BENCH,FSK15200,T+00:02:02,64,0,0,MEAS,1,,,,
Ровер,0120,38,RX,BENCH,FSK15200,T+00:02:02,64,-5,0,MEAS,1,,,,
Ровер,0120,39,RX,BENCH,FSK15200,T+00:02:03,64,0,0,MEAS,1,,,,
Ровер,0120,40,RX,BENCH,FSK100000,T+00:02:04,64,-93,0,MEAS,1,,,,
Ровер,0120,41,RX,BENCH,FSK100000,T+00:02:04,64,0,0,MEAS,1,,,,
Ровер,0120,42,RX,BENCH,FSK100000,T+00:02:04,64,-91,0,MEAS,1,,,,
Ровер,0120,43,RX,BENCH,FSK100000,T+00:02:04,64,-87,0,MEAS,1,,,,
Ровер,0120,44,RX,BENCH,FSK100000,T+00:02:04,64,-86,0,MEAS,1,,,,
Ровер,0120,45,RX,BENCH,FSK100000,T+00:02:04,64,-90,0,MEAS,1,,,,
Ровер,0120,46,RX,BENCH,FSK100000,T+00:02:04,64,0,0,MEAS,1,,,,
Ровер,0120,47,RX,BENCH,FSK100000,T+00:02:04,64,-87,0,MEAS,1,,,,
Ровер,0120,48,,EVT,,T+00:02:06,,-3,8.8,MEAS,,MEAS_DONE,,,
Ровер,0121,49,,EVT,,T+00:00:00,,-3,8.8,SYNC,,SYNC_OK,,,
Ровер,0121,50,,EVT,,T+00:03:33,,0,11.5,SYNC,,MANUAL_STOP,,,